city,lat,lng
Trenton,38.607,-89.6844
Strawn,40.6537,-88.3999
Tilton,40.0941,-87.6398
Bluford,38.3256,-88.7366
Gillespie,39.1258,-89.8173
West York,39.1689,-87.673
Wenona,41.0486,-89.0522
Paris,39.6148,-87.6905
Mulkeytown,37.9721,-89.1111
St. Peter,38.8676,-88.8505
Cullom,40.8784,-88.2696
Aurora,41.7637,-88.2901
Chrisman,39.8044,-87.6752
Glencoe,42.1347,-87.7641
Twin Grove,40.4857,-89.0993
Mackinaw,40.534,-89.3556
North Henderson,41.0904,-90.4748
Arlington Heights,42.0956,-87.9825
Olympia Fields,41.517,-87.6924
Bone Gap,38.4449,-87.9975
Mattoon,39.4774,-88.3627
New Athens,38.3188,-89.8743
Crete,41.4399,-87.6231
Melvin,40.5709,-88.2471
Princeville,40.935,-89.7547
Panama,39.029,-89.5247
Liberty,39.8842,-91.1084
Sheffield,41.3573,-89.7372
Hanaford,37.9579,-88.8356
Apple Canyon Lake,42.4302,-90.1642
East Peoria,40.6734,-89.5419
South Pekin,40.4959,-89.6525
Loda,40.5162,-88.0759
Rockton,42.45,-89.0631
Dongola,37.3599,-89.1654
Bulpitt,39.5919,-89.4258
Cherry Valley,42.2221,-88.9716
Pistakee Highlands,42.4028,-88.2117
Bonfield,41.145,-88.0539
Round Lake Beach,42.379,-88.0811
Eddyville,37.5005,-88.5847
Mitchell,38.7631,-90.0816
Summerfield,38.5955,-89.7497
Buckley,40.5973,-88.0374
Exeter,39.7191,-90.4961
Northbrook,42.1292,-87.8353
Moweaqua,39.6265,-89.0189
Highwood,42.206,-87.8129
Nora,42.4565,-89.9459
Delavan,40.3711,-89.5459
Buncombe,37.4715,-88.9746
Odell,41.0021,-88.5224
Robbins,41.6431,-87.708
Berlin,39.7577,-89.9026
Willowbrook,41.7635,-87.9456
Streator,41.1242,-88.8295
Waterloo,38.3402,-90.1538
Rockford,42.2598,-89.0641
Belknap,37.3224,-88.9405
Flora,38.6688,-88.4758
Norwood,40.7075,-89.7005
Wauconda,42.2748,-88.1359
Rio,41.1093,-90.3988
Centralia,38.5224,-89.1233
Worth,41.6877,-87.7916
Henry,41.1173,-89.3567
Channahon,41.4211,-88.2593
Freeman Spur,37.8611,-88.9993
Waverly,39.5925,-89.9528
Danvers,40.5297,-89.1753
Manteno,41.2471,-87.8457
Orion,41.3515,-90.3767
Amboy,41.729,-89.3679
Belle Rive,38.2317,-88.7405
Oak Lawn,41.7139,-87.7528
Lincolnshire,42.1957,-87.9182
Rose Hill,39.1043,-88.1499
Big Rock,41.7669,-88.5264
Louisville,38.7696,-88.5068
Granville,41.2637,-89.23
Winslow,42.4929,-89.7949
Hillsboro,39.167,-89.4735
Raleigh,37.8262,-88.5304
Elizabeth,42.3164,-90.2206
Walshville,39.0689,-89.6189
La Rose,40.9787,-89.235
Nauvoo,40.5457,-91.3829
Nokomis,39.3001,-89.2852
Norris City,37.9789,-88.3279
Alorton,38.585,-90.1139
Round Lake Heights,42.3855,-88.1037
Toluca,41.0044,-89.1339
Northfield,42.1026,-87.7791
West Frankfort,37.8997,-88.9301
Modesto,39.4789,-89.9803
Fidelity,39.1546,-90.1642
East Alton,38.884,-90.1073
Bingham,39.1122,-89.2137
West Union,39.215,-87.6657
Downs,40.3998,-88.8904
Rantoul,40.3031,-88.1549
Loraine,40.1525,-91.2216
Alexis,41.0629,-90.5555
Concord,39.8154,-90.3698
Forest Lake,42.2103,-88.0532
Fairmont,41.5614,-88.0587
Elwood,41.4119,-88.1346
Galena,42.4218,-90.4293
Burnham,41.6376,-87.5447
New Berlin,39.7259,-89.9134
Le Roy,40.3395,-88.7629
Urbana,40.1106,-88.1972
Onarga,40.7153,-88.0107
Danforth,40.8218,-87.9778
Mason,38.9537,-88.6259
Wapella,40.2218,-88.9612
Smithfield,40.4744,-90.2949
North Aurora,41.8083,-88.3413
Standard,41.2559,-89.1814
Hinsdale,41.8005,-87.9273
Saunemin,40.8908,-88.4051
Pearl City,42.2668,-89.8271
Lyndon,41.7173,-89.9238
Country Club Hills,41.5638,-87.725
Hickory Hills,41.7248,-87.8281
Bement,39.9229,-88.5724
Steward,41.8493,-89.015
Valmeyer,38.3064,-90.2979
St. Anne,41.0233,-87.7184
Earlville,41.588,-88.9229
Carlyle,38.6218,-89.3733
Hettick,39.3557,-90.0372
Leaf River,42.1236,-89.404
Danville,40.1423,-87.6114
Geneva,41.8833,-88.3242
Donnellson,39.0306,-89.4745
Albers,38.5452,-89.6143
Villa Park,41.8864,-87.9779
St. Johns,38.0333,-89.24
Candlewick Lake,42.3524,-88.8693
Coal Valley,41.4416,-90.4464
Iuka,38.6183,-88.7876
Princeton,41.3809,-89.4648
Bethany,39.6441,-88.7412
Long Lake,42.3765,-88.1265
Wheaton,41.8561,-88.1083
Burnt Prairie,38.2508,-88.2586
Bartonville,40.6397,-89.6608
Willow Hill,38.9958,-88.0218
Thornton,41.5711,-87.6187
Belvidere,42.2544,-88.8649
Hammond,39.7994,-88.5921
Victoria,41.0334,-90.0952
Piper City,40.7562,-88.189
Bradford,41.1773,-89.6582
Lincolnwood,42.0054,-87.7329
Glendale Heights,41.9196,-88.0785
Dover,41.434,-89.3959
Buffalo Grove,42.1674,-87.9616
Bonnie,38.203,-88.9068
Granite City,38.7295,-90.1263
Rushville,40.1199,-90.5666
Dupo,38.5144,-90.2167
Spillertown,37.7641,-88.9198
Elburn,41.8838,-88.4615
Red Bud,38.2096,-89.9998
Bellflower,40.3403,-88.5265
Bush,37.8427,-89.1295
Greenwood,42.3915,-88.3894
Macon,39.7117,-88.9965
Deerfield,42.1654,-87.8516
Champaign,40.1144,-88.2735
Watson,39.0262,-88.5683
Christopher,37.9706,-89.053
Cantrall,39.9353,-89.679
Tamms,37.2416,-89.2714
Aviston,38.6163,-89.6088
Long Grove,42.1968,-88.0057
Lindenhurst,42.4175,-88.0257
Franklin Park,41.936,-87.8794
Clay City,38.6858,-88.3486
North Chicago,42.3172,-87.8596
Rockdale,41.5058,-88.1183
Heyworth,40.3138,-88.9928
Winfield,41.8776,-88.1506
Glasgow,39.5487,-90.48
Lakemoor,42.3396,-88.2028
Vernon,38.8014,-89.0896
Harvard,42.4297,-88.6212
New Burnside,37.5786,-88.7726
Bunker Hill,39.0416,-89.9512
Third Lake,42.3708,-88.0122
Caledonia,42.3686,-88.8939
Flat Rock,38.9037,-87.6734
Waterman,41.7683,-88.7659
Niantic,39.8541,-89.1652
West Dundee,42.0984,-88.3072
Compton,41.6942,-89.0863
Hillsdale,41.6108,-90.1751
Macedonia,38.0525,-88.7054
Cornell,40.992,-88.7297
Elk Grove Village,42.0061,-87.9929
Fillmore,39.1154,-89.2785
Buckner,37.9807,-89.0151
Sullivan,39.5954,-88.6085
Royal,40.1932,-87.9721
Yorkville,41.6561,-88.4508
Woodlawn,38.3282,-89.0345
Woodstock,42.3103,-88.4357
Owaneco,39.4815,-89.1949
Naperville,41.7483,-88.1657
Johnsonville,38.5208,-88.5382
Union,42.2315,-88.5447
Rockbridge,39.2693,-90.2066
Coal City,41.2763,-88.2805
Ivesdale,39.9458,-88.4558
Junction City,38.5773,-89.1259
Hanna City,40.6936,-89.8064
Du Bois,38.2214,-89.2127
Ludlow,40.3866,-88.1259
Oak Brook,41.8372,-87.9512
Irving,39.2054,-89.4056
St. Rose,38.6826,-89.5536
North Riverside,41.8461,-87.8263
Camp Point,40.0384,-91.0666
Sheridan,41.5285,-88.679
Maryville,38.7261,-89.9645
Benld,39.093,-89.8023
Westervelt,39.479,-88.8614
Mundelein,42.2692,-88.0101
Medora,39.1765,-90.1414
Anchor,40.5683,-88.5383
Savanna,42.0904,-90.1396
Papineau,40.9673,-87.7161
Oswego,41.6834,-88.3372
Shabbona,41.7655,-88.8848
Mount Clare,39.1002,-89.8254
Pierron,38.7772,-89.5645
Elliott,40.4661,-88.2769
Warsaw,40.3509,-91.4277
Mount Carroll,42.0947,-89.9769
Melrose Park,41.9029,-87.8642
Palos Heights,41.6637,-87.7959
Pontiac,40.8881,-88.6414
Tinley Park,41.567,-87.805
Greenview,40.085,-89.7407
Vermont,40.2957,-90.429
Edinburg,39.6579,-89.3904
Cahokia,38.5649,-90.1792
El Paso,40.7406,-89.0181
Rome,40.8753,-89.5128
Merrionette Park,41.6812,-87.7012
Riverdale,41.644,-87.6366
Lake Barrington,42.2121,-88.1684
McLean,40.3157,-89.1704
Golden,40.1104,-91.0193
Marquette Heights,40.6183,-89.6049
Newton,38.9872,-88.1644
Kampsville,39.2971,-90.6127
Kell,38.4913,-88.9033
Cherry,41.4283,-89.2137
Evanston,42.0463,-87.6942
Altamont,39.057,-88.7474
Cortland,41.9255,-88.6795
Oakdale,38.2649,-89.5035
Posen,41.6291,-87.6858
Mounds,37.1145,-89.2024
Creve Coeur,40.6422,-89.5986
Beecher,41.3504,-87.6171
McCullom Lake,42.3687,-88.2967
South Wilmington,41.1744,-88.2813
Iroquois,40.8286,-87.5844
Peotone,41.3312,-87.7937
Blue Mound,39.7005,-89.1185
Addieville,38.3913,-89.4865
Chenoa,40.739,-88.7256
Indianola,39.927,-87.7403
New Haven,37.9025,-88.1279
Verona,41.2157,-88.5049
Marseilles,41.3099,-88.685
Columbus,39.9882,-91.1456
Herrin,37.7984,-89.0304
Wood River,38.8632,-90.0774
Lynnville,39.6854,-90.3458
Rentchler,38.4918,-89.8693
Paw Paw,41.6876,-88.981
Burbank,41.7444,-87.7686
St. Jacob,38.7198,-89.7677
Marshall,39.3988,-87.6901
Bath,40.1906,-90.1425
South Roxana,38.812,-90.0611
Vergennes,37.9013,-89.3398
Broadwell,40.0669,-89.4429
Virgil,41.9555,-88.5292
Monroe Center,42.1005,-88.9944
Crestwood,41.6454,-87.7397
Bloomington,40.4757,-88.9703
Smithboro,38.8945,-89.3399
Farina,38.8301,-88.7797
Lakewood Shores,41.2713,-88.1361
Buckingham,41.047,-88.175
Weldon,40.1217,-88.7497
Maywood,41.8798,-87.8442
Chemung,42.4162,-88.6642
Shipman,39.1203,-90.0452
Tampico,41.6306,-89.7852
Troy Grove,41.4657,-89.0815
Waynesville,40.2413,-89.1245
Plymouth,40.2921,-90.9163
Sparland,41.0294,-89.441
Bull Valley,42.3223,-88.3634
Rosiclare,37.4239,-88.3501
Sidell,39.9097,-87.8236
Highland Park,42.1823,-87.8105
Seneca,41.321,-88.588
Roseville,40.7308,-90.6639
Hillview,39.4496,-90.5387
Trout Valley,42.1978,-88.2537
Altona,41.115,-90.1648
Clarendon Hills,41.798,-87.9569
Hopkins Park,41.0689,-87.6064
Calumet City,41.6134,-87.5505
San Jose,40.3051,-89.6048
Cambria,37.78,-89.1189
Biggsville,40.8539,-90.8621
Ogden,40.115,-87.9563
Oakwood Hills,42.2478,-88.2393
Ottawa,41.3532,-88.8307
Deer Creek,40.6291,-89.3315
Time,39.5612,-90.7234
Carlock,40.5835,-89.1287
Schiller Park,41.9586,-87.8693
Murrayville,39.582,-90.2517
Oglesby,41.296,-89.0693
Sailor Springs,38.7645,-88.3602
Channel Lake,42.4831,-88.1491
Vermilion,39.58,-87.5877
Marion,37.7171,-88.9275
Roanoke,40.7969,-89.2023
Venice,38.6719,-90.1689
Marissa,38.2501,-89.7746
Fults,38.1644,-90.2129
Eagarville,39.1121,-89.7832
Burlington,42.0415,-88.5511
Mendon,40.0892,-91.2858
London Mills,40.7106,-90.2661
Hume,39.7985,-87.8693
Cisne,38.5141,-88.4371
Bluffs,39.7494,-90.5352
Saybrook,40.4286,-88.526
Lake Forest,42.238,-87.8596
River Grove,41.9243,-87.8379
Pesotum,39.9129,-88.2744
Dixmoor,41.633,-87.6672
Payson,39.8169,-91.2443
Dix,38.4431,-88.9423
Warrensburg,39.932,-89.0628
Galva,41.1689,-90.0375
Yale,39.1203,-88.0246
Alsey,39.5593,-90.4329
Beason,40.1423,-89.1951
Villa Grove,39.8644,-88.16
Lacon,41.0228,-89.4061
Prospect Heights,42.1039,-87.9267
Allenville,39.5585,-88.5383
Tremont,40.5248,-89.4906
Easton,40.232,-89.8412
Benson,40.8505,-89.1211
Rosemont,41.989,-87.8717
Edwardsville,38.7922,-89.9881
Franklin,39.6205,-90.0477
Paxton,40.4563,-88.1021
Chesterfield,39.2566,-90.0668
Williamsfield,40.9264,-90.0182
Sorento,39.0008,-89.5748
Fairmount,40.0456,-87.8293
Stockton,42.3526,-90.0019
Elmwood Park,41.9225,-87.8163
Mascoutah,38.5191,-89.8045
Northlake,41.9143,-87.9054
Chapin,39.767,-90.4027
Athens,39.9619,-89.7216
Decatur,39.8556,-88.9337
Breese,38.6138,-89.5231
Goodfield,40.6251,-89.2694
Peru,41.349,-89.1368
Milford,40.6274,-87.6962
Lake in the Hills,42.1913,-88.3478
Oregon,42.0132,-89.3356
Casey,39.3027,-87.9896
Farmer City,40.248,-88.6423
Mansfield,40.2122,-88.5081
Reddick,41.0985,-88.2486
McCook,41.7959,-87.841
Andalusia,41.4373,-90.7164
Markham,41.6,-87.6905
Roscoe,42.4252,-89.0085
Radom,38.2798,-89.1921
Gladstone,40.864,-90.9567
Fulton,41.8647,-90.1576
Lanark,42.1019,-89.8328
Longview,39.8859,-88.0662
East Dubuque,42.489,-90.6279
Savoy,40.0602,-88.2553
Sidney,40.025,-88.0721
Coyne Center,41.4002,-90.5632
Chillicothe,40.9152,-89.5018
Springfield,39.771,-89.6537
Sammons Point,41.0309,-87.8585
Marengo,42.2312,-88.6153
Penfield,40.3048,-87.9442
Zeigler,37.9067,-89.0521
Knollwood,42.2846,-87.8793
Tamaroa,38.1364,-89.2293
Harmon,41.7193,-89.5562
East Gillespie,39.1378,-89.8127
Carrier Mills,37.6886,-88.6294
Irwin,41.0529,-87.9841
Sesser,38.0905,-89.0509
Sumner,38.7197,-87.8726
Fox River Grove,42.1955,-88.2146
Green Valley,40.4073,-89.6438
Whiteash,37.7853,-88.9294
Hoyleton,38.4457,-89.2721
Colp,37.8074,-89.0787
Mulberry Grove,38.9245,-89.2662
Elvaston,40.3954,-91.2493
Oquawka,40.9378,-90.9499
Beaverville,40.9534,-87.6548
Springerton,38.1786,-88.3548
Spring Grove,42.4547,-88.2404
Steger,41.4723,-87.6183
Forest City,40.3723,-89.8325
Nilwood,39.3995,-89.8077
Deer Grove,41.6098,-89.6874
Bridgeview,41.7402,-87.8067
Hamilton,40.3899,-91.3623
Spring Bay,40.8207,-89.5285
Equality,37.7371,-88.3422
Brownstown,38.9943,-88.9553
Woodhull,41.1784,-90.3221
Chebanse,41.0058,-87.9098
Cairo,37.0063,-89.1819
Kane,39.1905,-90.3512
Bradley,41.1643,-87.8451
Valier,38.0176,-89.0439
Shelbyville,39.4096,-88.8005
Kenilworth,42.0888,-87.7145
Maple Park,41.9086,-88.6063
Flossmoor,41.5391,-87.6857
Vernon Hills,42.234,-87.9607
Kilbourne,40.1519,-90.0115
Winnebago,42.2671,-89.2337
Cary,42.2128,-88.2491
Hull,39.7086,-91.2032
Bolingbrook,41.6903,-88.1019
Marine,38.7868,-89.7789
Dallas City,40.6353,-91.1645
Hamel,38.8891,-89.8429
Arrowsmith,40.4493,-88.6321
Livingston,38.9682,-89.7642
Charleston,39.4842,-88.1775
Lake Zurich,42.1955,-88.087
Lyons,41.8121,-87.8192
Patoka,38.754,-89.0958
Bishop Hill,41.1997,-90.1175
Metamora,40.7958,-89.3689
Central City,38.5483,-89.1284
Hodgkins,41.7663,-87.8607
Towanda,40.5633,-88.9007
Wonder Lake,42.3791,-88.3493
Murphysboro,37.7679,-89.3321
Lovington,39.7144,-88.6316
Shawneetown,37.7157,-88.1865
Muncie,40.116,-87.843
Brookport,37.1258,-88.6279
Lostant,41.1252,-89.0668
Godley,41.2385,-88.2452
Elkhart,40.0136,-89.4727
Scottville,39.4777,-90.1038
Sandoval,38.6121,-89.1193
Hartford,38.8212,-90.0909
Minonk,40.9104,-89.0382
Standard City,39.3504,-89.7836
Milton,39.5645,-90.6501
Waggoner,39.3776,-89.6527
Barrington,42.1515,-88.1281
Browning,40.127,-90.3731
Banner,40.5126,-89.9156
Emington,40.9693,-88.3577
Effingham,39.1207,-88.5509
Ellisville,40.6273,-90.306
Brimfield,40.838,-89.883
Nebo,39.4421,-90.7881
Middletown,40.0993,-89.5903
Malta,41.9291,-88.8669
Canton,40.5632,-90.0409
Spring Valley,41.3359,-89.2034
Gulf Port,40.8076,-91.0845
Normal,40.522,-88.9877
Mendota,41.5553,-89.1042
Sherman,39.8877,-89.6065
Fox Lake,42.4238,-88.1843
Rankin,40.4644,-87.8959
Steeleville,38.0085,-89.6625
Glen Ellyn,41.8667,-88.0629
Long Creek,39.8052,-88.8475
Riverwoods,42.1723,-87.8951
Floraville,38.3764,-90.0554
Madison,38.7003,-90.1425
Percy,38.0153,-89.6188
Troy,38.7268,-89.8974
Fithian,40.1143,-87.875
Opdyke,38.2583,-88.7898
Tower Lakes,42.2315,-88.1538
Neoga,39.3215,-88.4504
Lansing,41.5648,-87.5462
Mound City,37.0854,-89.1628
Bourbonnais,41.1831,-87.8781
Fairview,40.6485,-90.1841
New Lenox,41.5097,-87.97
Rolling Meadows,42.0747,-88.0253
Foosland,40.3611,-88.4291
Harvel,39.3577,-89.5323
Cedar Point,41.2651,-89.126
Pana,39.3828,-89.0643
Varna,41.0353,-89.2244
Wood Dale,41.9665,-87.9808
Wenonah,39.32,-89.2879
Davis Junction,42.1144,-89.0898
Tallula,39.9457,-89.9365
Hennepin,41.2589,-89.3216
Mill Creek,37.341,-89.2535
Forest View,41.8073,-87.7798
Harvey,41.6076,-87.6521
Knoxville,40.907,-90.2857
Herscher,41.0493,-88.1006
Gilson,40.863,-90.1997
Forest Park,41.8683,-87.8157
Clayton,40.0301,-90.958
Marietta,40.4995,-90.3931
Griggsville,39.7078,-90.7273
Como,41.7662,-89.7657
Harristown,39.8428,-89.0606
New Bedford,41.5112,-89.7184
Hopewell,40.9842,-89.4572
Holiday Hills,42.2979,-88.2297
Ohlman,39.3434,-89.2192
Libertyville,42.287,-87.967
Colona,41.4678,-90.3446
Iola,38.8341,-88.6279
Polo,41.9847,-89.5788
Cornland,39.9375,-89.4019
Olivet,39.9414,-87.6379
Barry,39.6982,-91.0398
Mark,41.2624,-89.255
Lisle,41.7922,-88.0883
Langleyville,39.5611,-89.3602
Ellis Grove,38.0093,-89.9101
Broadlands,39.9087,-87.9971
Kappa,40.6755,-89.006
Washington,40.7048,-89.4345
Ringwood,42.3974,-88.3032
South Chicago Heights,41.4831,-87.637
La Fayette,41.1097,-89.9735
Palos Hills,41.6986,-87.8266
Elgin,42.0385,-88.3229
Kincaid,39.5868,-89.4166
Crab Orchard,37.7249,-88.8059
Russellville,38.8196,-87.5301
Oakwood,40.1101,-87.7769
Media,40.7694,-90.8326
Annapolis,39.1453,-87.8157
Alsip,41.6701,-87.7368
Sterling,41.7997,-89.6952
Noble,38.6974,-88.2234
Crest Hill,41.5724,-88.1128
Du Quoin,38.0019,-89.2323
Lake Summerset,42.4521,-89.3984
Paderborn,38.3595,-90.0465
Wellington,40.5404,-87.6796
Eureka,40.7145,-89.2774
Limestone,41.1338,-87.9599
Scott AFB,38.5412,-89.8528
Round Lake Park,42.3308,-88.0749
Monee,41.4176,-87.751
Harrison,37.7982,-89.3361
Somonauk,41.642,-88.6732
Milledgeville,41.9637,-89.7748
Baldwin,38.1838,-89.8451
Darien,41.7447,-87.9823
Sheldon,40.771,-87.5658
Ford Heights,41.5109,-87.5814
Hecker,38.3054,-89.9935
Barrington Hills,42.14,-88.2035
Mount Zion,39.7797,-88.8835
East St. Louis,38.6156,-90.1304
Ladd,41.3816,-89.2145
East Cape Girardeau,37.2957,-89.4869
Zion,42.4598,-87.8509
Virginia,39.9525,-90.2107
New Holland,40.1834,-89.5825
Mount Erie,38.5146,-88.2325
Carrollton,39.2948,-90.4062
Chandlerville,40.047,-90.1512
Karnak,37.2941,-88.9758
Mapleton,40.5732,-89.7245
Kenney,40.0981,-89.0862
Maunie,38.0354,-88.0457
Ridott,42.2967,-89.4771
Apple River,42.5022,-90.0937
Cisco,40.0116,-88.7255
Pittsburg,37.7771,-88.8499
Teutopolis,39.1319,-88.4792
Curran,39.7422,-89.7782
Lebanon,38.6013,-89.812
Glenwood,41.5412,-87.6119
Detroit,39.6201,-90.676
Lockport,41.5904,-88.0293
Bellevue,40.6877,-89.6733
Colfax,40.5666,-88.6161
Stone Park,41.9033,-87.8806
Phoenix,41.6118,-87.6308
Jeisyville,39.5793,-89.408
Henderson,41.0238,-90.3535
New Douglas,38.9699,-89.6664
Prestbury,41.7847,-88.4225
Boulder Hill,41.7112,-88.3353
Kirkland,42.0905,-88.8491
Metropolis,37.1566,-88.7083
Beardstown,39.9994,-90.4178
Golden Gate,38.3589,-88.2047
Ridgway,37.7979,-88.2606
Basco,40.3278,-91.1995
Brighton,39.0406,-90.1404
New Grand Chain,37.2552,-89.0165
Industry,40.3269,-90.6082
Topeka,40.3304,-89.9306
New Minden,38.438,-89.3705
Cambridge,41.2984,-90.1907
Essex,41.1819,-88.1928
Hidalgo,39.1559,-88.1491
Port Byron,41.6166,-90.3273
Royalton,37.8774,-89.1142
Ferris,40.4695,-91.1683
Buda,41.3291,-89.6791
Henning,40.3069,-87.701
Ashmore,39.5305,-88.0202
Pawnee,39.5936,-89.5824
Morrison,41.8077,-89.9618
Witt,39.2545,-89.3492
Hanover,42.2552,-90.2736
New Boston,41.1697,-91
Kinderhook,39.7037,-91.1517
Ewing,38.0889,-88.8528
Tiskilwa,41.2927,-89.5085
Sleepy Hollow,42.0913,-88.3137
Grantfork,38.8288,-89.6664
Stanford,40.4318,-89.2208
Milan,41.4416,-90.5595
Kinsman,41.1903,-88.5699
Abingdon,40.8039,-90.4009
Collinsville,38.6769,-90.0059
Lake Petersburg,39.9832,-89.8655
Salem,38.6278,-88.9579
Lake Holiday,41.6156,-88.6703
Sauk Village,41.4907,-87.5702
Jerseyville,39.118,-90.3276
Heritage Lake,40.5454,-89.3309
Wayne City,38.3481,-88.5895
Virden,39.5058,-89.7711
St. Augustine,40.7213,-90.407
McLeansboro,38.0902,-88.5386
Eldred,39.2863,-90.5538
Havana,40.295,-90.0566
South Holland,41.5977,-87.6022
Nelson,41.7962,-89.6036
Boody,39.7655,-89.0473
Glenview,42.0825,-87.8216
Sadorus,39.9669,-88.3451
Lake Ka-Ho,39.0998,-89.7464
Jerome,39.7677,-89.6786
Rock Island Arsenal,41.5172,-90.5399
Hollowayville,41.3648,-89.2948
Bismarck,40.2594,-87.6113
Farmington,40.6972,-90.0034
Wyoming,41.0638,-89.7729
Ashkum,40.8782,-87.9531
Lakewood,42.2278,-88.3932
De Land,40.1218,-88.6434
Cowden,39.2492,-88.8595
Alma,38.7231,-88.9119
Worden,38.9315,-89.8404
Bridgeport,38.7094,-87.7591
Sciota,40.5624,-90.748
Fieldon,39.1088,-90.4996
Donovan,40.8848,-87.6142
Tolono,39.9912,-88.2625
Pinckneyville,38.0851,-89.3718
Prophetstown,41.6703,-89.9349
Oreana,39.9378,-88.8685
Lynwood,41.5234,-87.5508
Makanda,37.621,-89.2357
McNabb,41.1772,-89.2096
Batchtown,39.0331,-90.6534
Magnolia,41.1141,-89.1958
East Galesburg,40.9428,-90.311
Greenville,38.8866,-89.3893
Cobden,37.5335,-89.2545
Richton Park,41.4822,-87.7352
Thawville,40.6733,-88.1134
Berkeley,41.8891,-87.9114
Braceville,41.228,-88.2464
El Dara,39.6227,-90.9912
Dowell,37.9397,-89.239
Raritan,40.6959,-90.8253
Seatonville,41.3647,-89.274
Southern View,39.756,-89.6511
Blandinsville,40.5542,-90.8681
Irvington,38.4386,-89.1601
O'Fallon,38.5976,-89.9156
Florence,39.6286,-90.6106
Good Hope,40.5575,-90.6755
Johnsburg,42.384,-88.2475
Maroa,40.0366,-88.9561
Hindsboro,39.6847,-88.1347
Pearl,39.4597,-90.6237
Petersburg,40.0143,-89.8455
Chestnut,40.0538,-89.1866
Carol Stream,41.9182,-88.1308
Diamond,41.2852,-88.2506
St. Charles,41.9193,-88.311
Inverness,42.1152,-88.1019
Hoffman,38.5404,-89.2644
Macomb,40.4721,-90.6818
Orland Hills,41.5905,-87.8413
Lemont,41.6697,-87.9828
Thebes,37.214,-89.4544
Thomasboro,40.2439,-88.1877
White Heath,40.087,-88.5115
Blue Island,41.6578,-87.6812
Robinson,39.0089,-87.7333
Morton Grove,42.0423,-87.789
Belleville,38.5165,-89.99
Browns,38.3775,-87.9831
Dalzell,41.3553,-89.1763
Elsah,38.954,-90.3554
Sandwich,41.6496,-88.6177
Warrenville,41.821,-88.1857
Countryside,41.7741,-87.8752
Downers Grove,41.7949,-88.017
Plano,41.6757,-88.5294
Kempton,40.9355,-88.2362
Oak Forest,41.6055,-87.7527
North Pekin,40.6113,-89.6226
Woodland,40.7137,-87.7303
Auburn,39.5765,-89.7441
Wyanet,41.3606,-89.5831
Wheeling,42.1308,-87.924
Thomson,41.9726,-90.1117
Menominee,42.4747,-90.5428
Oak Grove,41.412,-90.5742
Olmsted,37.1827,-89.0849
West City,37.9962,-88.947
Humboldt,39.6047,-88.32
Hinckley,41.7714,-88.6397
St. Francisville,38.5919,-87.6474
Odin,38.6159,-89.0541
Chicago,41.8373,-87.6862
Pleasant Plains,39.8746,-89.9186
La Moille,41.5301,-89.2833
Minooka,41.4507,-88.2792
White City,39.0716,-89.7637
Rutland,40.9838,-89.0413
Genoa,42.0929,-88.6966
Darmstadt,38.319,-89.7288
Energy,37.7741,-89.0246
Gilberts,42.1096,-88.3716
Gifford,40.3079,-88.0214
Crainville,37.7509,-89.06
Hazel Crest,41.5732,-87.6899
Orient,37.9176,-88.9773
West Point,40.2556,-91.1836
Perry,39.7823,-90.7469
Quincy,39.9335,-91.3798
Sauget,38.5845,-90.1611
Broadview,41.8584,-87.8562
Greenup,39.2484,-88.1598
Matherville,41.2596,-90.6055
St. Elmo,39.0228,-88.8513
Fairview Heights,38.5974,-90.0052
Antioch,42.4742,-88.0721
Grand Tower,37.6343,-89.5013
Meredosia,39.8311,-90.5571
Peoria Heights,40.7466,-89.5701
Grandwood Park,42.3929,-87.9871
Kaskaskia,37.9213,-89.9163
Tovey,39.5883,-89.4486
Stewardson,39.2638,-88.6303
Hebron,42.4646,-88.4343
Creal Springs,37.6198,-88.8375
Crossville,38.1625,-88.0643
Arlington,41.4717,-89.2482
Assumption,39.518,-89.0478
Yates City,40.7777,-90.014
Bowen,40.2321,-91.0633
Willow Springs,41.7335,-87.8859
Grand Detour,41.9011,-89.4137
Green Oaks,42.2954,-87.9116
Table Grove,40.365,-90.4252
Port Barrington,42.2439,-88.1942
Kangley,41.148,-88.8722
East Hazel Crest,41.5758,-87.6503
Venedy,38.3966,-89.6456
Dana,40.9565,-88.95
Golconda,37.3622,-88.4872
Campbell Hill,37.9298,-89.551
Bethalto,38.9014,-90.0467
Flanagan,40.8771,-88.8597
Johnston City,37.8213,-88.9293
Fairbury,40.746,-88.5162
Wamac,38.4973,-89.1456
Coalton,39.2848,-89.303
Rochester,39.749,-89.5459
Lerna,39.4179,-88.2884
Cooksville,40.5426,-88.7144
Rapids City,41.5788,-90.3394
Dayton,41.3856,-88.7959
Mount Morris,42.0487,-89.4295
Brooklyn,38.6544,-90.1679
Alpha,41.1917,-90.3802
Pingree Grove,42.0857,-88.4362
Omaha,37.8901,-88.3053
Norris,40.6258,-90.0321
Huntley,42.16,-88.433
Pekin,40.5677,-89.6263
Chester,37.92,-89.826
Golf,42.0586,-87.785
Hillside,41.8674,-87.9019
Annawan,41.3959,-89.8887
Ridge Farm,39.8957,-87.652
Roselle,41.9807,-88.0862
Justice,41.7495,-87.8345
Wayne,41.9493,-88.2583
Lake Catherine,42.487,-88.1272
Lombard,41.8741,-88.0157
Washington Park,38.6285,-90.0928
Gibson City,40.4665,-88.3788
Camargo,39.7991,-88.1671
Stronghurst,40.7462,-90.9095
McHenry,42.3388,-88.2931
Emden,40.2982,-89.4851
Hardin,39.1591,-90.6248
Goofy Ridge,40.3949,-89.9407
Roxana,38.8318,-90.0465
Bondville,40.1116,-88.3683
Lost Nation,41.9124,-89.3689
Sycamore,41.995,-88.6812
Byron,42.1273,-89.2622
Dakota,42.388,-89.5266
Westville,40.0439,-87.6389
Lisbon,41.4794,-88.4597
Thayer,39.5404,-89.7579
Prairie Grove,42.2771,-88.2697
Valley City,39.7071,-90.6514
Symerton,41.3255,-88.0532
Elkville,37.91,-89.2367
Argenta,39.9855,-88.8197
Swansea,38.5507,-89.9859
Wilmette,42.077,-87.7282
Nashville,38.3514,-89.377
Dunfermline,40.4917,-90.0325
Broughton,37.9345,-88.4623
Machesney Park,42.3666,-89.0266
Chatsworth,40.7294,-88.2974
Kankakee,41.102,-87.8643
Algonquin,42.1629,-88.3158
Malden,41.4249,-89.3698
Forsyth,39.9259,-88.964
Homer Glen,41.6044,-87.9497
Prairie City,40.621,-90.4649
Mokena,41.5324,-87.8779
Panola,40.7829,-89.0203
Tennessee,40.4112,-90.8362
Bellwood,41.8829,-87.8762
Mettawa,42.2449,-87.9201
Shorewood,41.5175,-88.2149
Dorchester,39.0859,-89.8878
Pittsfield,39.6199,-90.7936
Niles,42.0279,-87.81
Wheeler,39.043,-88.3188
Tower Hill,39.3868,-88.9592
Martinsville,39.3383,-87.8811
Hainesville,42.3414,-88.0686
Leland,41.616,-88.7983
East Brooklyn,41.1727,-88.266
Calumet Park,41.665,-87.6578
Holiday Shores,38.9226,-89.9361
Kingston Mines,40.5587,-89.7718
Oakford,40.1011,-89.9651
Beach Park,42.4261,-87.8584
Lomax,40.6789,-91.0762
South Jacksonville,39.7024,-90.2293
Albany,41.7861,-90.2166
Dieterich,39.0601,-88.3818
Keyesport,38.746,-89.2737
Viola,41.2053,-90.5863
Carbondale,37.722,-89.2238
Watseka,40.7748,-87.7292
Monticello,40.0342,-88.5729
Bartlett,41.9803,-88.207
La Grange Park,41.8308,-87.8723
Brussels,38.9485,-90.589
Chicago Heights,41.5101,-87.6347
Chicago Ridge,41.7034,-87.7795
Indian Creek,42.2272,-87.9783
Sims,38.3618,-88.5354
Dolton,41.6284,-87.5979
Kinmundy,38.7726,-88.8539
Strasburg,39.3497,-88.6212
Forrest,40.7511,-88.4097
Elizabethtown,37.4499,-88.3052
Sparta,38.1514,-89.7185
Toulon,41.0935,-89.8633
Stillman Valley,42.1041,-89.18
Plainfield,41.6205,-88.226
Dixon,41.8439,-89.4788
Huey,38.6054,-89.2898
Phillipstown,38.1429,-88.0181
Jonesboro,37.451,-89.2666
Jacksonville,39.7292,-90.2316
Coulterville,38.185,-89.6046
Arthur,39.7144,-88.4696
Olney,38.7285,-88.0838
Girard,39.4466,-89.782
Cabery,40.9958,-88.2037
Ste. Marie,38.93,-88.0278
Moline,41.4821,-90.4919
Wataga,41.0253,-90.2755
Hawthorn Woods,42.2313,-88.0623
Olive Branch,37.1755,-89.3518
Union Hill,41.1083,-88.1461
Newark,41.5368,-88.5804
Preston Heights,41.4943,-88.0756
Brookfield,41.8245,-87.847
Anna,37.4612,-89.2388
Palmer,39.4586,-89.4079
Allendale,38.5276,-87.7103
Mount Carmel,38.4187,-87.7694
Norridge,41.9637,-87.8231
Lake Bluff,42.2826,-87.851
Crescent City,40.7718,-87.8563
Dwight,41.0986,-88.424
Clinton,40.1468,-88.9633
Greenfield,39.3443,-90.208
Franklin Grove,41.8408,-89.3004
Hometown,41.7312,-87.7311
West Peoria,40.6969,-89.64
Fairfield,38.3799,-88.3723
Smithton,38.416,-89.9902
Coatsburg,40.0327,-91.1603
Vienna,37.4143,-88.8871
La Grange,41.8072,-87.8741
Fairmont City,38.6503,-90.1026
Metcalf,39.7998,-87.8093
River Forest,41.895,-87.8194
Hoffman Estates,42.0639,-88.1468
Old Shawneetown,37.6971,-88.1387
McClure,37.3146,-89.4335
Lewistown,40.3968,-90.1555
Mineral,41.3843,-89.8388
Adair,40.4183,-90.4974
Riverton,39.8454,-89.5394
Brocton,39.7155,-87.9335
LaPlace,39.7978,-88.7156
Hurst,37.8351,-89.1442
Morrisonville,39.4217,-89.459
Matteson,41.5095,-87.7468
Venetian Village,42.4012,-88.0465
Cleveland,41.5033,-90.3181
Armington,40.3398,-89.3143
Cedarville,42.3756,-89.6363
Schram City,39.1632,-89.4609
Mount Auburn,39.7649,-89.2608
Garden Prairie,42.2534,-88.7178
Lake of the Woods,40.2048,-88.3732
Carbon Hill,41.297,-88.2999
Woodridge,41.7368,-88.0408
Manhattan,41.4274,-87.9802
Lena,42.3786,-89.8217
Monmouth,40.9142,-90.642
Kansas,39.5545,-87.9394
Waukegan,42.3697,-87.8716
Fisher,40.3157,-88.3503
New Salem,39.7076,-90.8478
Manito,40.4206,-89.7809
Shumway,39.1834,-88.6532
Freeburg,38.4397,-89.9169
Westmont,41.7948,-87.9742
East Dundee,42.097,-88.2545
Summit,41.7877,-87.8146
Ashton,41.8682,-89.2224
Fayetteville,38.3775,-89.7967
Cerro Gordo,39.8894,-88.7347
Buffalo,39.8499,-89.4089
Garrett,39.7973,-88.4246
Albion,38.3767,-88.0581
Hampton,41.5555,-90.4046
Mount Sterling,39.9854,-90.7641
Alvan,40.307,-87.6069
Baylis,39.7294,-90.9095
East Moline,41.5199,-90.388
Bannockburn,42.1932,-87.8694
Nason,38.176,-88.9662
De Pue,41.3275,-89.2963
Staunton,39.0117,-89.7905
University Park,41.446,-87.7154
Otterville,39.0508,-90.3985
Roodhouse,39.484,-90.3741
Dunlap,40.8483,-89.6719
Dahlgren,38.198,-88.6847
Bryant,40.4654,-90.0948
Bardolph,40.4962,-90.5633
Momence,41.164,-87.663
West Salem,38.5197,-88.009
Sherrard,41.3108,-90.499
Bloomingdale,41.9497,-88.0895
Rock City,42.413,-89.4711
Millstadt,38.4579,-90.0834
Carthage,40.4143,-91.1277
Farmersville,39.4427,-89.6525
Richmond,42.4641,-88.3088
Plainville,39.7847,-91.1817
South Barrington,42.0881,-88.1579
East Carondelet,38.5386,-90.24
Lily Lake,41.9518,-88.4742
Ursa,40.074,-91.3721
Cordova,41.6773,-90.3215
Lee,41.7954,-88.9417
La Prairie,40.1474,-91.0025
Pontoon Beach,38.7208,-90.0601
Alhambra,38.8878,-89.736
Joppa,37.207,-88.8447
Ramsey,39.1443,-89.1105
Manlius,41.4553,-89.6685
Okawville,38.4344,-89.548
Litchfield,39.1963,-89.6288
Orland Park,41.6075,-87.8619
Jeffersonville,38.4425,-88.404
Ashland,39.8885,-90.0079
De Soto,37.8162,-89.2269
Volo,42.3298,-88.1599
Mazon,41.2417,-88.4234
Lima,40.1765,-91.3782
Coleta,41.9027,-89.8002
Hudson,40.6053,-88.9895
Butler,39.1976,-89.5318
Midlothian,41.6254,-87.7243
Edgewood,38.9222,-88.6641
Bellmont,38.383,-87.9106
Astoria,40.2279,-90.3566
Pontoosuc,40.6284,-91.2112
Oak Run,40.9649,-90.1304
Pocahontas,38.8234,-89.5394
Palmyra,39.4345,-89.9959
Maquon,40.798,-90.1632
DeKalb,41.9314,-88.7482
Reynolds,41.3321,-90.6722
Stoy,38.9967,-87.8335
Sublette,41.6437,-89.2311
Hanover Park,41.9818,-88.1447
Bushnell,40.5518,-90.5047
Tonica,41.2159,-89.0702
Hampshire,42.1112,-88.512
Forreston,42.1266,-89.5782
Secor,40.7417,-89.1349
Capron,42.3986,-88.7393
Mount Vernon,38.314,-88.9174
Seaton,41.1023,-90.7991
Hoopeston,40.4609,-87.6636
Gardner,41.193,-88.3147
Spaulding,39.8665,-89.5446
Old Ripley,38.8927,-89.5721
Western Springs,41.8022,-87.9006
Sigel,39.2257,-88.4945
Campton Hills,41.9498,-88.4167
Divernon,39.5698,-89.6539
Beecher City,39.1866,-88.7875
Martinton,40.9153,-87.7265
Naplate,41.3322,-88.8781
Gages Lake,42.3519,-87.9828
Bensenville,41.9595,-87.9434
Warren,42.4948,-89.9913
La Harpe,40.5848,-90.9695
Lake Villa,42.4184,-88.0836
Berwyn,41.8433,-87.7909
Woodson,39.6274,-90.2256
Walnut,41.557,-89.5908
Deer Park,42.1656,-88.0867
West Brooklyn,41.6928,-89.1473
Streamwood,42.0208,-88.1778
Junction,37.7234,-88.2382
St. Libory,38.3633,-89.7135
Aroma Park,41.0789,-87.8011
Newman,39.797,-87.9877
Harrisburg,37.7374,-88.5457
Colchester,40.4273,-90.7922
Wilsonville,39.0694,-89.8553
Dalton City,39.7168,-88.8065
Morris,41.3748,-88.4301
Latham,39.9669,-89.1623
Bentley,40.3441,-91.1118
Goreville,37.561,-88.9557
Lexington,40.6469,-88.7847
Taylorville,39.5328,-89.2804
Park City,42.3522,-87.8915
Tuscola,39.7968,-88.2749
Morton,40.6137,-89.4668
Elmwood,40.7804,-89.9656
Shannon,42.1524,-89.7402
Waltonville,38.214,-89.0381
Burr Ridge,41.7485,-87.9199
Potomac,40.3068,-87.7978
Timberlane,42.3372,-88.8694
Schaumburg,42.0307,-88.0838
Oblong,39.0022,-87.9107
Wadsworth,42.4442,-87.9199
St. David,40.492,-90.0519
Galatia,37.8414,-88.6148
Chatham,39.6729,-89.6957
Vandalia,38.9754,-89.1117
Tilden,38.2124,-89.684
Godfrey,38.9581,-90.2156
Creston,41.9335,-88.9742
Taylor Springs,39.131,-89.495
Carlinville,39.2775,-89.8762
Mahomet,40.1885,-88.3903
Davis,42.4215,-89.4156
Leonore,41.1889,-88.9823
Loves Park,42.3365,-88.9975
Hartsburg,40.2506,-89.4409
Hillcrest,41.9684,-89.0654
Catlin,40.0675,-87.7079
Cave-In-Rock,37.4708,-88.1659
South Elgin,41.9906,-88.3134
Palestine,39.0016,-87.6126
Cissna Park,40.5667,-87.8923
Evansville,38.0889,-89.9322
Georgetown,39.9774,-87.6354
Oakbrook Terrace,41.8539,-87.9685
Seymour,40.1067,-88.4271
Peoria,40.7521,-89.6155
Redmon,39.6448,-87.8616
Kaneville,41.8336,-88.5216
Oconee,39.2863,-89.1068
Carmi,38.0857,-88.1728
Bartelso,38.5371,-89.4671
Hutsonville,39.1084,-87.6608
Roberts,40.6148,-88.1843
Xenia,38.6373,-88.6375
Gays,39.4581,-88.4962
Thompsonville,37.9144,-88.7623
Richview,38.3758,-89.1804
Ipava,40.3526,-90.3234
Clear Lake,39.8139,-89.5682
Skokie,42.036,-87.74
Gurnee,42.3708,-87.9392
Keenes,38.3386,-88.6419
Parkersburg,38.5891,-88.0568
Montgomery,41.7237,-88.3631
Pulaski,37.2163,-89.2078
Carterville,37.763,-89.0841
Grayslake,42.3402,-88.0338
Allerton,39.9161,-87.9353
Congerville,40.6168,-89.2051
Alton,38.9033,-90.1523
Claremont,38.7177,-87.973
Pleasant Hill,39.4434,-90.8729
Germantown,38.5552,-89.5412
South Beloit,42.4821,-89.0247
Stonefort,37.6178,-88.7051
Atwood,39.7992,-88.4626
Mount Olive,39.0726,-89.7277
Sun River Terrace,41.1254,-87.7337
Round Lake,42.3436,-88.1058
New Baden,38.5367,-89.7072
Chadwick,42.0142,-89.8885
Orangeville,42.4659,-89.6469
Loami,39.6746,-89.8476
Stickney,41.8183,-87.773
Crystal Lawns,41.5685,-88.1638
Manchester,39.5424,-90.3303
Itasca,41.9773,-88.0182
Hopedale,40.4238,-89.4203
Winthrop Harbor,42.4805,-87.8293
Gilman,40.7632,-87.9972
Germantown Hills,40.7712,-89.467
Durand,42.4341,-89.3265
Rossville,40.3815,-87.67
Cuba,40.4936,-90.1933
Toledo,39.2728,-88.2419
Glasford,40.5729,-89.813
Littleton,40.234,-90.6223
Sawyerville,39.0785,-89.802
Neponset,41.2968,-89.7894
Westchester,41.8492,-87.8906
Keensburg,38.3518,-87.8683
Long Point,41.0055,-88.8931
Glen Carbon,38.7579,-89.9832
Braidwood,41.2696,-88.2234
Cicero,41.8445,-87.7593
Wilmington,41.3203,-88.1633
Ripley,40.0252,-90.6379
Ohio,41.556,-89.4606
Carpentersville,42.1227,-88.2895
Ingalls Park,41.5203,-88.0346
Rock Island,41.4699,-90.5827
German Valley,42.2143,-89.4845
Benton,38.011,-88.9179
Andover,41.2949,-90.2907
Island Lake,42.2784,-88.1999
Mechanicsburg,39.803,-89.4066
Walnut Hill,38.4777,-89.0447
Sibley,40.5874,-88.3785
Frankfort,41.4887,-87.836
Herrick,39.2196,-88.9848
Homewood,41.5591,-87.661
Calhoun,38.6511,-88.044
Park Forest,41.4817,-87.6868
Joy,41.1969,-90.8788
Pecatonica,42.3085,-89.3578
Alto Pass,37.5737,-89.3192
Avon,40.662,-90.4352
Frankfort Square,41.5221,-87.8033
Des Plaines,42.0344,-87.9008
Beckemeyer,38.6059,-89.4322
Mount Pulaski,40.0102,-89.2839
Highland,38.7602,-89.681
LaSalle,41.3575,-89.0718
Batavia,41.8479,-88.3109
Kildeer,42.1831,-88.0488
Williamsville,39.9517,-89.5507
Oakland,39.6576,-88.0273
Ellsworth,40.4496,-88.7161
Royal Lakes,39.1117,-89.9607
Ruma,38.1306,-90.0003
Muddy,37.7655,-88.5138
Damiansville,38.5087,-89.6149
Rochelle,41.9194,-89.0634
Keithsburg,41.1004,-90.9353
The Galena Territory,42.3956,-90.3159
Silvis,41.4975,-90.4101
Naples,39.7534,-90.6069
Liverpool,40.3901,-90.0026
Scales Mound,42.4749,-90.2526
Cypress,37.3655,-89.0187
Grand Ridge,41.2362,-88.831
Poplar Grove,42.3516,-88.8353
Elmhurst,41.8973,-87.9432
Hamburg,39.2328,-90.7152
Harwood Heights,41.9663,-87.8057
Atlanta,40.2637,-89.2311
Homer,40.0329,-87.9578
Mason City,40.2022,-89.6973
Bay View Gardens,40.8102,-89.5272
Freeport,42.2892,-89.6348
Augusta,40.2309,-90.9498
Grayville,38.2554,-87.997
Romeoville,41.6319,-88.0996
Kewanee,41.2399,-89.9264
Lawrenceville,38.7263,-87.6874
Crystal Lake,42.2332,-88.3349
Belle Prairie City,38.2235,-88.5559
Winnetka,42.1064,-87.7421
Ava,37.8886,-89.4965
Ransom,41.1586,-88.6542
Palos Park,41.6682,-87.8885
Caseyville,38.63,-90.0342
North Barrington,42.2065,-88.1316
Rockwood,37.8405,-89.6968
Little York,41.0108,-90.7462
Campus,41.0247,-88.3072
Stonington,39.6385,-89.1921
Columbia,38.4581,-90.2156
Raymond,39.3197,-89.5751
Windsor,39.4389,-88.5953
Adeline,42.1405,-89.4919
Grafton,38.9765,-90.4259
Oak Park,41.8872,-87.7899
Ashley,38.3289,-89.1894
Philo,40.0033,-88.1564
Oneida,41.0722,-90.2247
Willisville,37.9828,-89.5898
Sugar Grove,41.7758,-88.448
Fox Lake Hills,42.4128,-88.1271
North City,37.9916,-89.0635
North Utica,41.3536,-89.0108
Geneseo,41.4507,-90.154
Carbon Cliff,41.4983,-90.392
Shiloh,38.5534,-89.916
Grandview,39.8175,-89.6181
St. Joseph,40.1141,-88.0355
Aledo,41.1984,-90.7459
Winchester,39.6298,-90.4559
Eldorado,37.8113,-88.4415
Gridley,40.7438,-88.8807
Ullin,37.2777,-89.1752
Enfield,38.1019,-88.3382
Riverside,41.831,-87.8169
Rock Falls,41.7724,-89.6928
Centreville,38.5798,-90.1039
Versailles,39.8842,-90.6587
Lake Camelot,40.6341,-89.7509
Grant Park,41.2429,-87.6353
Belgium,40.0607,-87.6328
Joliet,41.5189,-88.1499
Jewett,39.2077,-88.2431
Lincoln,40.1509,-89.3721
Rosewood Heights,38.8885,-90.0722
Cutler,38.0325,-89.5676
New Milford,42.1775,-89.065
Plattville,41.5343,-88.3835
Arenzville,39.8805,-90.3706
Millbrook,41.6071,-88.5454
White Hall,39.4388,-90.4019
Mound Station,40.0066,-90.8737
West Chicago,41.896,-88.2252
Minier,40.4336,-89.3144
Clifton,40.9346,-87.9339
Millington,41.5623,-88.6023
Mill Shoals,38.2496,-88.3456
Camden,40.1529,-90.7733
Bedford Park,41.767,-87.7915
Atkinson,41.4167,-90.0088
Palatine,42.1181,-88.043
Mount Prospect,42.0641,-87.9375
Findlay,39.5223,-88.7546
Williamson,38.9872,-89.7644
Illiopolis,39.8514,-89.2477
Evergreen Park,41.7213,-87.7013
Indian Head Park,41.769,-87.8977
Washburn,40.9203,-89.2916
Old Mill Creek,42.4321,-87.9786
Hooppole,41.5218,-89.914
Addison,41.9314,-88.0085
Prairie du Rocher,38.0817,-90.0976
Kingston,42.1008,-88.7619
Park Ridge,42.0125,-87.8436
Dawson,39.8533,-89.4626
Erie,41.6587,-90.0815
Ina,38.1499,-88.904
Coffeen,39.0883,-89.3898
Arcola,39.6833,-88.3013
Leland Grove,39.7787,-89.6839
New Canton,39.6374,-91.0982
Lenzburg,38.2859,-89.8179
Kirkwood,40.8677,-90.7485
Westfield,39.4554,-87.9967
Maeystown,38.2267,-90.233
Montrose,39.1659,-88.3776
Gorham,37.7151,-89.4831
Galesburg,40.9506,-90.3763
De Witt,40.1847,-88.7853
Simpson,37.4673,-88.7556
